[
  {
    "br_name": "Adhaura",
    "br_address_full": "Adhaura Branch (6007)\nP.O. +P .S. - Adhaura\nKaimur-821116, Bihar",
    "br_code": "006007",
    "br_ph": "",
    "br_email": ""
  },
  {
    "br_name": "Akbarpur",
    "br_address_full": "Akbarpur Branch (96800)\nVill-Akbarpur, PO-Rajhat\nDist-Nawada, BIhar-805126",
    "br_code": "096800",
    "br_ph": "",
    "br_email": ""
  },
  {
    "br_name": "Akorhi",
    "br_address_full": "AKORHI BRANCH (269600)\nAKORHI, G.T.ROAD, MOHANIA\nKAIMUR - 821109, BIHAR",
    "br_code": 269600,
    "br_ph": "",
    "br_email": ""
  },
  {
    "br_name": "Aligarh-Civil Lines",
    "br_address_full": "Civil Lines, Aligarh BRANCH (051100)\nMarris Tower, Aligarh\nUttar Pradesh - 202001",
    "br_code": "051100",
    "br_ph": "",
    "br_email": ""
  },
  {
    "br_name": "Amaon",
    "br_address_full": "Amaon BRANCH (275800)\nVill+PO-Amaon(Baraon)\nBlock-Rampur, Dist.-Kaimur-821104",
    "br_code": 275800,
    "br_ph": "",
    "br_email": ""
  },
  {
    "br_name": "Amaon Hata",
    "br_address_full": "Amaon(Hata) Branch(101700)\nDist- Kaimur- 821106, Bihar",
    "br_code": 101700,
    "br_ph": "",
    "br_email": ""
  },
  {
    "br_name": "Amawan",
    "br_address_full": "amawan branch (275800)\namawan (baraon), P.O.- amawan\ndist.- kaimur, Bihar",
    "br_code": 275800,
    "br_ph": "",
    "br_email": ""
  },
  {
    "br_name": "Amba",
    "br_address_full": "Amba Branch (0982)\nat & P.o.-amba\ndistt.- aurangabad-824111, BIHAR\nMOB: 9955993903",
    "br_code": "000982",
    "br_ph": "",
    "br_email": ""
  },
  {
    "br_name": "Amhara",
    "br_address_full": "Amhara branch (751000)\nP.O.- amhara, bihta\nPatna - 801118 bihar",
    "br_code": 751000,
    "br_ph": "",
    "br_email": ""
  },
  {
    "br_name": "Anaith",
    "br_address_full": "AnAITH Branch (600100)\nAnaith, Ara, Bhojpur - 802302, Bihar",
    "br_code": 600100,
    "br_ph": "",
    "br_email": ""
  },
  {
    "br_name": "Andhana",
    "br_address_full": "ANDHANA BRANCH (208600)\nP.O.+P.S.-nOORSARAI , \nDISTT. - NALANDA - 803113, bIHAR",
    "br_code": 208600,
    "br_ph": "",
    "br_email": ""
  },
  {
    "br_name": "Andhrathari",
    "br_address_full": "Andhrathari Branch (098800)\nMadhubani - 847401, Bihar\nTel. - 06273-273215",
    "br_code": "098800",
    "br_ph": "",
    "br_email": ""
  },
  {
    "br_name": "Anisabad",
    "br_address_full": "ANISABAD BRANCH (605900)\nNEW BYEPASS ROAD\n ANISABAD, PATNA - 800002\nBihar",
    "br_code": 605900,
    "br_ph": "",
    "br_email": ""
  },
  {
    "br_name": "AP Colony Gaya",
    "br_address_full": "A. P. Colony, Gaya branch (492300)\nDEV KOTHI, A. P. Colony, Gaya - 823001\nbihar",
    "br_code": 492300,
    "br_ph": "",
    "br_email": ""
  },
  {
    "br_name": "Arakh",
    "br_address_full": "Arakh BRANCH (101200)\nVill + PO - Arakh, P.S. - Krishna Brahm\nDist. - Buxar, PIN-802111, Bihar",
    "br_code": 101200,
    "br_ph": "",
    "br_email": ""
  },
  {
    "br_name": "Arrah Chowk",
    "br_address_full": "arrah chowk brancH (002200)\nVEER COMPLEX, JAIL ROAD\nArrah - 802301, bihar",
    "br_code": "002200",
    "br_ph": "",
    "br_email": ""
  },
  {
    "br_name": "Arwal",
    "br_address_full": "ARWAL Branch (448400),\naurangabad-PATNA ROAD,\nInfront of police station,\ndistt.- ARWAL, BIHAR",
    "br_code": 448400,
    "br_ph": "06337-229050",
    "br_email": ""
  },
  {
    "br_name": "Ashiyana Nagar",
    "br_address_full": "ASHIYANA NAGAR BRANCH (758400)\nASHIYANA NAGAR, PATNA, BIHAR",
    "br_code": 758400,
    "br_ph": "",
    "br_email": ""
  },
  {
    "br_name": "Ashok Rajpath",
    "br_address_full": "Ashok raj path (PMCH) Branch (6238)Patna - 800 004, Bihar",
    "br_code": "006238",
    "br_ph": "0612-2302503",
    "br_email": ""
  },
  {
    "br_name": "Asthawan",
    "br_address_full": "asthawan Branch (095900)\nAt- asthawan, distt.-nalanda,\nBIHAR-803107",
    "br_code": "095900",
    "br_ph": "",
    "br_email": ""
  },
  {
    "br_name": "Athmalgola",
    "br_address_full": "athmalgola branch (794400)\nmain road, Athmalgola, patna",
    "br_code": 794400,
    "br_ph": "",
    "br_email": ""
  },
  {
    "br_name": "Atri",
    "br_address_full": "atri branch (101000)\np.O.- Atri, Dist.- Gaya - 823311\nbihar",
    "br_code": 101000,
    "br_ph": "",
    "br_email": ""
  },
  {
    "br_name": "Aurangabad",
    "br_address_full": "aURANGABAD Branch (0502)\nm.g. rOAD, aURANGABAD\n bIHAR - 824101",
    "br_code": "000502",
    "br_ph": "",
    "br_email": ""
  },
  {
    "br_name": "Babhangawan",
    "br_address_full": "BABHANGAWAN BRANCH (302200)\nDist.- LAKHISARAI - 811311, BIHAR",
    "br_code": 302200,
    "br_ph": "",
    "br_email": ""
  },
  {
    "br_name": "Back Office",
    "br_address_full": "BACK OFFICE (929100)\nNAWAL KISHORE ROAD, KADAMKUAN\nPATNA - 800003, BIHAR",
    "br_code": 929100,
    "br_ph": "",
    "br_email": ""
  },
  {
    "br_name": "Badem",
    "br_address_full": "BADEM BRANCH (129800)\nBADEM, AURANGABAD, Bihar",
    "br_code": 129800,
    "br_ph": "",
    "br_email": ""
  },
  {
    "br_name": "Badka Singhanpura",
    "br_address_full": "badka singhanpura Branch (648100)\nVill.+ Post - Badka Singhanpura,\nP.S.- simri, buxar - 802120, bihaR",
    "br_code": 648100,
    "br_ph": "",
    "br_email": ""
  },
  {
    "br_name": "Bagaha",
    "br_address_full": "BAGAHA BRANCH (008000)\nBAGAHA, WEST CHAMPARAN - 845101",
    "br_code": "008000",
    "br_ph": "",
    "br_email": ""
  },
  {
    "br_name": "Bagar",
    "br_address_full": "Bagar Branch (171700)\nVill+Po - Bagar, PS-Sikarhatta\ndist-Bhojpur - 802222, Bihar",
    "br_code": 171700,
    "br_ph": "",
    "br_email": ""
  },
  {
    "br_name": "Baikatpur",
    "br_address_full": "baikatpur branch (131500)\nbaikatpur, patna - 803202, bihar",
    "br_code": 131500,
    "br_ph": "",
    "br_email": ""
  },
  {
    "br_name": "Baispura",
    "br_address_full": "baispura Branch (269400)\nBHOLA KHARWAR, POST - BasahI\nP.S.- KaRgahar, Dist.- rohtas - 821108",
    "br_code": 269400,
    "br_ph": "",
    "br_email": ""
  },
  {
    "br_name": "Baniapur",
    "br_address_full": "baniapur branch (122100)\nbaniapur, chapra-841403, bihar",
    "br_code": 122100,
    "br_ph": "",
    "br_email": ""
  },
  {
    "br_name": "Bank More-Dhanbad",
    "br_address_full": "BAnk More Branch (3045)\nSAHJANAND MARKET, PURANA BAZAR, \nBANK MORE,Dhanbad-826001, Jharkhand\nTEL-0326-2307794, 9771465490",
    "br_code": "003045",
    "br_ph": "",
    "br_email": ""
  },
  {
    "br_name": "Banka",
    "br_address_full": "Banka Branch (6407)\nBanka - 813102, bihar",
    "br_code": "006407",
    "br_ph": "",
    "br_email": ""
  },
  {
    "br_name": "Banmakhi",
    "br_address_full": "BANMAKHI BRANCH (947500)\nNEHRU CHOWK, BANMAKHI\nPURNIA - 854202, BIHAR",
    "br_code": 947500,
    "br_ph": "",
    "br_email": ""
  },
  {
    "br_name": "Barahara",
    "br_address_full": "Barahara BRANCH (122800)\n P.O. + P.S.-Barahara, Dist-Bhojpur\nAra-802311, Bihar",
    "br_code": 122800,
    "br_ph": "",
    "br_email": ""
  },
  {
    "br_name": "Barahari",
    "br_address_full": "barahari branch\nbarahari, rohtas - 802215, bihar",
    "br_code": "",
    "br_ph": "",
    "br_email": ""
  },
  {
    "br_name": "Barakla",
    "br_address_full": "Barakla Branch (161300)\nBarakla, Kothi, Imamganj, Gaya - 824210\nBihar",
    "br_code": 161300,
    "br_ph": "",
    "br_email": ""
  },
  {
    "br_name": "Barari",
    "br_address_full": "Barari Branch (1200)\nSabji Chowk, Barari\nBhagalpur - 812003, Bihar",
    "br_code": "001200",
    "br_ph": "",
    "br_email": ""
  },
  {
    "br_name": "Barbigha",
    "br_address_full": "Barbigha Branch (0555),\ndistt.- Sheikhpura - 811101 , BIHAR",
    "br_code": "000555",
    "br_ph": "",
    "br_email": ""
  },
  {
    "br_name": "Barh",
    "br_address_full": "Barh branch (056900)\nbarh, patna - 803213, bihar",
    "br_code": "056900",
    "br_ph": "",
    "br_email": ""
  },
  {
    "br_name": "Barhat",
    "br_address_full": "Barhat Branch (204700)\nP.O.-Barhat, Distt-Jamui - 811313\nBIHAR",
    "br_code": 204700,
    "br_ph": "",
    "br_email": ""
  },
  {
    "br_name": "Bari Bazar",
    "br_address_full": "Bari Bazar Branch (0326)\ndistt.-Munger, BIHAR-811201",
    "br_code": "000326",
    "br_ph": "",
    "br_email": ""
  },
  {
    "br_name": "Barka Singhanpura",
    "br_address_full": "Barka Singhanpura Branch (6481)\nBuxar, Bihar-802120",
    "br_code": "006481",
    "br_ph": "",
    "br_email": ""
  },
  {
    "br_name": "Baroon",
    "br_address_full": "0)\nBAROON, AuRANGABAD - 822141, BIHAR",
    "br_code": 122600,
    "br_ph": "",
    "br_email": ""
  },
  {
    "br_name": "Baruana",
    "br_address_full": "Baruana BRANCH (214100)\nP.o. - Narayanpur, Block-Agiaon,\nDist-Bhojpur, Arrah, BIHAR-802201",
    "br_code": 214100,
    "br_ph": "",
    "br_email": ""
  },
  {
    "br_name": "Basant",
    "br_address_full": "BASANT BRANCH (130700)\nsaran - 841202, BIHAR",
    "br_code": 130700,
    "br_ph": "",
    "br_email": ""
  },
  {
    "br_name": "Basudeopur",
    "br_address_full": "BAsudeopur Branch (691300)\nMAhant Nagar, Maharani Pokhar,\n P.O.- Basudeopur Bira, \nDist.-Darbhanga Bihar, PIN-846005",
    "br_code": 691300,
    "br_ph": "",
    "br_email": ""
  },
  {
    "br_name": "Begusarai",
    "br_address_full": "BEGUSARAI BRANCH\nSONAJAGESHWAR COMPLEX\nTRAFFIC CHOWK, BEGUSARAI - 801506\nBIHAR",
    "br_code": "",
    "br_ph": "",
    "br_email": ""
  },
  {
    "br_name": "Belaganj",
    "br_address_full": "BELAGANJ BRANCH (060000)\nP.O. + P.S. - BELAGANJ\nDist. - gaya - 804403, BIHAR",
    "br_code": "060000",
    "br_ph": "",
    "br_email": ""
  },
  {
    "br_name": "Benipur",
    "br_address_full": "Darbhanga Branch (987200)\nVill+Po-Benipur, P.S.-Bahera\nDist-Darbhanga - 847103, Bihar",
    "br_code": 987200,
    "br_ph": "",
    "br_email": ""
  },
  {
    "br_name": "Berhampore",
    "br_address_full": "BERHAMPORE BRANCH (446600)\nBERHAMPORE, MURSHIDABAD - 742103\nWest Bengal",
    "br_code": 446600,
    "br_ph": "",
    "br_email": ""
  },
  {
    "br_name": "Bettiah",
    "br_address_full": "bettiah branch (393900)\nbettiah - 845438\nwest champaran, Bihar",
    "br_code": 393900,
    "br_ph": "",
    "br_email": ""
  },
  {
    "br_name": "Bhabhua",
    "br_address_full": "BHABHUA Branch (3863)\nbHABHUA MOHANIA ROAD, BHABHUA\ndistt. - KAIMUR - 821101, BIHAR",
    "br_code": "003863",
    "br_ph": "06189-223375",
    "br_email": ""
  },
  {
    "br_name": "Bhadaur",
    "br_address_full": "bhadAur Branch (129000)\nat + P.O.- bhadAur\ndistt.-patna - 803307,BIHAR",
    "br_code": 129000,
    "br_ph": "",
    "br_email": ""
  },
  {
    "br_name": "Bhadseni",
    "br_address_full": "BHADSENI BRANCH(268700)\nAT & p.o.-bHADSENI, VIA-HISUA\nnAWADA , bIHAR-805129",
    "br_code": 268700,
    "br_ph": "",
    "br_email": ""
  },
  {
    "br_name": "Bhagalpur City",
    "br_address_full": "BHAGALPUR CITY BRANCH (004800)\nGIRDHARI SAH MARKET, SUJAGANJ\nBHAGALPUR - 812002, BIHAR",
    "br_code": "004800",
    "br_ph": "",
    "br_email": ""
  },
  {
    "br_name": "Bhaganbigha",
    "br_address_full": "Bhaganbigha Branch (2084),\ndistt.-nalanda-803118 , BIHAR",
    "br_code": "002084",
    "br_ph": "06112-280587",
    "br_email": ""
  },
  {
    "br_name": "Bhagwanpur",
    "br_address_full": "Bhagwanpur BRANCH (720700)\nKaimur (Bhabua), Bihar-821102",
    "br_code": 720700,
    "br_ph": "",
    "br_email": ""
  },
  {
    "br_name": "Bhagwanpur Hat",
    "br_address_full": "Bhagwanpur hat Branch (122500)\nBlock+P.S.- bhagwanpur hat\nMalmaliya road\nDist.- siwan, 841408, bihar",
    "br_code": 122500,
    "br_ph": "",
    "br_email": ""
  },
  {
    "br_name": "Bharatpura",
    "br_address_full": "Bharatpura Branch (145500)\nVill+ P.O.- Bharatpura, P.S.- Dulhin Bazar\nDist.- Patna-801102",
    "br_code": 145500,
    "br_ph": "",
    "br_email": ""
  },
  {
    "br_name": "Bheldi",
    "br_address_full": "Bheldi branch (597500)\nbheldi, Saran - 841402, bihar",
    "br_code": 597500,
    "br_ph": "",
    "br_email": ""
  },
  {
    "br_name": "Bheria",
    "br_address_full": "Bheria Branch (2170)\nPost-Khairaha, Dist-Rohtas\nBihar - 821305",
    "br_code": "002170",
    "br_ph": "",
    "br_email": ""
  },
  {
    "br_name": "Bhikhana Pahari",
    "br_address_full": "bhikhana Pahari branch (952500)\ngandhi chowk, mahendru\npatna - 800006, Bihar",
    "br_code": 952500,
    "br_ph": "",
    "br_email": ""
  },
  {
    "br_name": "Bhojpur Jadid",
    "br_address_full": "BHOJPUR JADID BRANCH (7237)\nNAYA BHOJPUR\nDIST.- Buxar - 802133, BIHAR",
    "br_code": "007237",
    "br_ph": "",
    "br_email": ""
  },
  {
    "br_name": "Bhorandiha",
    "br_address_full": "Bhorandiha Branch (156800)\nBhooth Nath Mandir, Dandidih\nJharkhand - 815301",
    "br_code": 156800,
    "br_ph": "",
    "br_email": ""
  },
  {
    "br_name": "Bhore",
    "br_address_full": "BHORE BRANCH (732300)\nVill.+ P.O.- BHORE, Distt.- Gopalganj\nPIN - 841426, BIHAR",
    "br_code": 732300,
    "br_ph": "",
    "br_email": ""
  },
  {
    "br_name": "Bhusra",
    "br_address_full": "bhusra branch (258500)\nVill.- bhusra, P.O.- HASNA\nP.S.- GAYAGHAT\nmuzaffarpur - 843103, bihar",
    "br_code": 258500,
    "br_ph": "",
    "br_email": ""
  },
  {
    "br_name": "Biddupur",
    "br_address_full": "biddupur BRANCH (601600)\nP.O.- Biddupur Bazar,\nDist.- Vaishali, bIHAR",
    "br_code": 601600,
    "br_ph": "06229-253307",
    "br_email": ""
  },
  {
    "br_name": "Bihar State Bridge Construction Corp",
    "br_address_full": "Bihar State Bridge Construction\n Corporation Ltd. Branch (728800)\n7,Sardar PAtel road, patna- 800015\nbihar �",
    "br_code": 728800,
    "br_ph": "0612-2201051",
    "br_email": ""
  },
  {
    "br_name": "Biharsharif",
    "br_address_full": "BIHARSHARIFMain Branch (1255) \nInFRONT OF NAGAR NIGAM, BIHARSHARIF\nDISTT.- NALANDA-803101, Bihar",
    "br_code": "001255",
    "br_ph": "06112-236811",
    "br_email": ""
  },
  {
    "br_name": "Bihiya",
    "br_address_full": "BIhiya BRANCH (6002)\nRaja Bazar Road, Bihiya\nBhojpur, PATNA-802152, BIHAR",
    "br_code": "006002",
    "br_ph": "",
    "br_email": ""
  },
  {
    "br_name": "Bikram",
    "br_address_full": "BIKRAM BRANCH (59300)\nP.O.- BIKRAM\nDist.- PATNA - 801104, BIHAR",
    "br_code": "059300",
    "br_ph": "",
    "br_email": ""
  },
  {
    "br_name": "Bikramganj",
    "br_address_full": "Bikramganj Branch (648200)\nAra road, bikramganj, rohtas,\nPIN - 802212, bihar",
    "br_code": 648200,
    "br_ph": "",
    "br_email": ""
  },
  {
    "br_name": "Bind",
    "br_address_full": "bind Branch (129200)\nP.O.+ P.S.- bind\nDist.- nalanda - 803107, bihar",
    "br_code": 129200,
    "br_ph": "",
    "br_email": ""
  },
  {
    "br_name": "Biraul",
    "br_address_full": "Biraul Branch (640000)\nAt-Biraul (Afzala), PO+PS-Biraul\nDist-Darbhanga-847203",
    "br_code": 640000,
    "br_ph": "",
    "br_email": ""
  },
  {
    "br_name": "Bishanpur Kiyakhap",
    "br_address_full": "bishanpur Kiyakhap Branch (239400)\nP.O.+ P.S.- Rafiganj\nDist.- aurangabad - 824125, bihar",
    "br_code": 239400,
    "br_ph": "",
    "br_email": ""
  },
  {
    "br_name": "Bithra",
    "br_address_full": "bithra Branch (2388)\nP.O. - bithra, P.S.-Kurth\nDist.- arwal, bihar",
    "br_code": "002388",
    "br_ph": "",
    "br_email": ""
  },
  {
    "br_name": "Bochachak",
    "br_address_full": "Bochachak GAUNPURA Branch (1583)\nPatna-801505, Bihar",
    "br_code": "001583",
    "br_ph": "",
    "br_email": ""
  },
  {
    "br_name": "Bodhgaya",
    "br_address_full": "bodhgaya branch (492200)\nbodhgaya - 824231,dist.- gaya, bihar",
    "br_code": 492200,
    "br_ph": "",
    "br_email": ""
  },
  {
    "br_name": "Boring Road",
    "br_address_full": "Boring ROad Branch (2910)\nBoring road crossing\nPatna - 800 001, Bihar",
    "br_code": "002910",
    "br_ph": "0612-2571422, 2573567, 2578485",
    "br_email": ""
  },
  {
    "br_name": "Brahmpur",
    "br_address_full": "brahmpur Branch (600500)\nBrahmpur, Buxar - 802112, Bihar",
    "br_code": 600500,
    "br_ph": "",
    "br_email": ""
  },
  {
    "br_name": "BRM College Munger",
    "br_address_full": "BRM College branch (616100)\nmadhopur, Basudeopur\nmunger - 811202, bihar",
    "br_code": 616100,
    "br_ph": "",
    "br_email": ""
  },
  {
    "br_name": "Budha Colony",
    "br_address_full": "BUDHA COLONY BRANCH (2920)\nRAJAPUR, PATNA, BIHAR",
    "br_code": "002920",
    "br_ph": "",
    "br_email": ""
  },
  {
    "br_name": "Buxar",
    "br_address_full": "AKORHI BRANCH (269600)\nAKORHI, G.T.ROAD, MOHANIA\nKAIMUR - 821109, BIHAR",
    "br_code": 269600,
    "br_ph": "",
    "br_email": ""
  },
  {
    "br_name": "CC Link Ex Road",
    "br_address_full": "cc link office, exhibition road (713400)\nexhibition road, patna - 800001, bihar",
    "br_code": 713400,
    "br_ph": "",
    "br_email": ""
  },
  {
    "br_name": "Chakia",
    "br_address_full": "Chakia Branch (721100)\nP.O.+ P.S.- chakia\nDist.- east champaran - 845412, bihar",
    "br_code": 721100,
    "br_ph": "",
    "br_email": ""
  },
  {
    "br_name": "Chand",
    "br_address_full": "Chand Branch (142200)\nChand, Dist-Bhabhua\nKaimur, Bihar-821106",
    "br_code": 142200,
    "br_ph": "",
    "br_email": ""
  },
  {
    "br_name": "Chandi Nalanda",
    "br_address_full": "Chandi BRANCH (140200)\nDist-Nalanda, Bihar-803108",
    "br_code": 140200,
    "br_ph": "",
    "br_email": ""
  },
  {
    "br_name": "Chandi Nuwan",
    "br_address_full": "Chandi Nuwan Branch (784000)\nNawada, Bihar-805130",
    "br_code": 784000,
    "br_ph": "",
    "br_email": ""
  },
  {
    "br_name": "Chandwa",
    "br_address_full": "Chandwa BRANCH (534200)\nMain Road, Chandwa\nDist-Latehar, PIN-829203",
    "br_code": 534200,
    "br_ph": "",
    "br_email": ""
  },
  {
    "br_name": "Chapra",
    "br_address_full": "Chapra Branch (0097)\nHathua Market, Chapra\nDist.- Chapra- 841301",
    "br_code": "000097",
    "br_ph": "",
    "br_email": ""
  },
  {
    "br_name": "Chenari",
    "br_address_full": "CHENARI BRANCH (140400)\nP.O.- CHENARI - 821104,\ndist.- ROHTAS, bihar",
    "br_code": 140400,
    "br_ph": "",
    "br_email": ""
  },
  {
    "br_name": "Chhitauli",
    "br_address_full": "chhitauli Branch (144100)\nchhitauli, laxmiganj\nsiwan - 841439, bihar",
    "br_code": 144100,
    "br_ph": "",
    "br_email": ""
  },
  {
    "br_name": "Chowki",
    "br_address_full": "CHOWKI BRANCH (115700)\nAT + P.O.- CHOWKI, DIST.- BEGUSARAI,\nPIN - 851217, BIHAR",
    "br_code": 115700,
    "br_ph": "",
    "br_email": ""
  },
  {
    "br_name": "Chutia",
    "br_address_full": "Chutia Branch (282900)\nP.o.-PipraDih, P.S.-Chutia\nDist-Rohtas,Bihar-821304",
    "br_code": 282900,
    "br_ph": "",
    "br_email": ""
  },
  {
    "br_name": "Circle Office Ara",
    "br_address_full": "CIRCLE OFFICE (378300) \nIIND FLOOR, regal hotel building,\neast ramna maidan, arrah",
    "br_code": 378300,
    "br_ph": "06182-242425, 222717",
    "br_email": ""
  },
  {
    "br_name": "Circle Office Biharsharif",
    "br_address_full": "CIRCLE OFFICE,BIHARSHARIF (3789) \nRAMCHANDRAPUR, BIHARSHARIF\nDISTT.- NALANDA-803101, Bihar",
    "br_code": "003789",
    "br_ph": "06112-230714,231820",
    "br_email": ""
  },
  {
    "br_name": "Circle Office Bokaro",
    "br_address_full": "Circle office, bokaro\nbokaro - 827004, jharkhand",
    "br_code": "",
    "br_ph": "",
    "br_email": ""
  },
  {
    "br_name": "Circle Office Gaya",
    "br_address_full": "CIRCLE OFFICE Gaya (3785)\n400 , A. P. Colony\ndistt.- gaya - 823001, BIHAR",
    "br_code": "003785",
    "br_ph": "",
    "br_email": ""
  },
  {
    "br_name": "Circle Office Patna",
    "br_address_full": "CIRCLE OFFICE \nIIND FLOOR,CHANAKYA TOWER\nR-BLOCK,Patna - 800 001, Bihar",
    "br_code": "",
    "br_ph": "0612-2202709,FAX-0612-2235157",
    "br_email": ""
  },
  {
    "br_name": "CPPC",
    "br_address_full": "Central Pension Processing Cell\nII ND FLOOR, MAharaja KAmeshwar Complex, FRazer Road, Patna-800001,\nBihar",
    "br_code": "",
    "br_ph": "0612-2227226",
    "br_email": ""
  },
  {
    "br_name": "Currency Chest Aurangabad",
    "br_address_full": "currency chest, aurangabad (702800)\nM.G.Road, Dist.- aurangabad - 824101, bihar",
    "br_code": 702800,
    "br_ph": "",
    "br_email": ""
  },
  {
    "br_name": "Currency Chest Begusarai",
    "br_address_full": "Currency chest, Begusarai (700700)\nSona Jogeshwari Complex\nTraffic chowk, Kutchery Road\nBegusarai - 851101, Bihar",
    "br_code": 700700,
    "br_ph": "",
    "br_email": ""
  },
  {
    "br_name": "Currency Chest Biharsharif",
    "br_address_full": "currency chest, biharsharif\nNear Nalanda CollegE, Amber chowk\nPIN-803101, bihar",
    "br_code": "",
    "br_ph": "",
    "br_email": ""
  },
  {
    "br_name": "Currency Chest Gandhi Nagar",
    "br_address_full": "currency chest, gandhi nagar (713300)\ngandhi nagar, Kanti factory road\npatna - 800020, Bihar",
    "br_code": 713300,
    "br_ph": "",
    "br_email": ""
  },
  {
    "br_name": "Currency Chest Katihar",
    "br_address_full": "currency chest, katihar (700600)\nm.g.road, katihar - 854105, bihar",
    "br_code": 700600,
    "br_ph": "",
    "br_email": ""
  },
  {
    "br_name": "Currency Chest Morcha Road",
    "br_address_full": "Currency chest, morcha road\nMorcha Road, Patna City,\nPatna - 800009, Bihar",
    "br_code": "",
    "br_ph": "",
    "br_email": ""
  },
  {
    "br_name": "Currency Chest Munger",
    "br_address_full": "Currency chest Munger (699300)\nBARI BAZAr, Munger-811201,Bihar",
    "br_code": 699300,
    "br_ph": "",
    "br_email": ""
  },
  {
    "br_name": "Currency Chest Piro",
    "br_address_full": "Currency chest PIRO (696800)\nStation road, at+P.O.- PIRO\nDist.- BHOJPUR - 802207, bihar",
    "br_code": 696800,
    "br_ph": "",
    "br_email": ""
  },
  {
    "br_name": "Currency Chest Sasaram",
    "br_address_full": "Currency chest SASARAM (696900)\nDist.- ROHTAS - 821115, Bihar",
    "br_code": 696900,
    "br_ph": "",
    "br_email": ""
  },
  {
    "br_name": "Currency Chest Siwan",
    "br_address_full": "Currency chest, SIWAN (712200)\nLALAN COMPLEX, SIWAN - 841226, Bihar",
    "br_code": 712200,
    "br_ph": "",
    "br_email": ""
  },
  {
    "br_name": "Daheria",
    "br_address_full": "Daheria BRANCH (788700)\nSharifganj, Hawai Adda Chowk\nKatihar-854105, Bihar",
    "br_code": 788700,
    "br_ph": "",
    "br_email": ""
  },
  {
    "br_name": "Danapur Cantt",
    "br_address_full": "DANAPUR CANTT. Branch (014200)\nDANAPUR CANTT., PATNA-801503, BIHAR",
    "br_code": "014200",
    "br_ph": "06115-227282, 223085",
    "br_email": ""
  },
  {
    "br_name": "Daniyawan",
    "br_address_full": "DANIYAWAN BRANCH (154800)\nDANIYAWAN BAZAR\nPATNA - 801304, BIHAR",
    "br_code": 154800,
    "br_ph": "",
    "br_email": ""
  },
  {
    "br_name": "Datiyana",
    "br_address_full": "Datiyana Branch (155200)\nAt+ P.O.- datiyana, P.S.- bikram\npatna, bihar",
    "br_code": 155200,
    "br_ph": "",
    "br_email": ""
  },
  {
    "br_name": "Daudnagar",
    "br_address_full": "DAUDNAGAR BRANCH (386100)\nDIST.- AURANGABAD - 824113, BIHAR",
    "br_code": 386100,
    "br_ph": "",
    "br_email": ""
  },
  {
    "br_name": "DCO Saran Vaishali",
    "br_address_full": "DCO SARAN VAISHALI (155100)\nCAMP OFFICE - PNB RAJENDRA CHOWK HAJIPUR, VAISHALI, BIHAR",
    "br_code": 155100,
    "br_ph": "",
    "br_email": ""
  },
  {
    "br_name": "DCO Siwan",
    "br_address_full": "DCO Siwan (508900)\nSIWAN - 841226, BIHAR",
    "br_code": 508900,
    "br_ph": "",
    "br_email": ""
  },
  {
    "br_name": "Dehri On Sone",
    "br_address_full": "DEHRI ON SONE BRANCH\nPALI ROAD, Bihar - 821307",
    "br_code": "",
    "br_ph": "",
    "br_email": ""
  },
  {
    "br_name": "Deo",
    "br_address_full": "deo branch (064000)\ndeo, aurangabad, bihar",
    "br_code": "064000",
    "br_ph": "",
    "br_email": ""
  },
  {
    "br_name": "Deokund",
    "br_address_full": "Deokund Branch (169900)\nVill+P.S. - Deokund, P.O. - Rampurchai\nAurangabad, bihar-804428",
    "br_code": 169900,
    "br_ph": "",
    "br_email": ""
  },
  {
    "br_name": "Devkunda",
    "br_address_full": "Devkund Branch (670500)\nP.O.- Barva, P.S.- Beldanga\nDist.- Murshidabad-742189, W. Bengal",
    "br_code": 670500,
    "br_ph": "",
    "br_email": ""
  },
  {
    "br_name": "Dhamaul",
    "br_address_full": "dhamaul branch (154300)\nP.O.- Dhamaul, Dist.- Nawada - 805101, bihar",
    "br_code": 154300,
    "br_ph": "",
    "br_email": ""
  },
  {
    "br_name": "Dhamitola-Gaya",
    "br_address_full": "Dhamitola branch (017900)\ndhamitola (gaya), P.S.- Kotwali\nDist. - Gaya - 823001, Bihar",
    "br_code": "017900",
    "br_ph": "",
    "br_email": ""
  },
  {
    "br_name": "Dhanarua",
    "br_address_full": "dhanarua branch (152500)\ndhanarua, patna - 804451, bihar",
    "br_code": 152500,
    "br_ph": "",
    "br_email": ""
  },
  {
    "br_name": "Dhandiha",
    "br_address_full": "dhandiha branch (793100)\nP.O.- Dhandiha, P.S.- Koilwar\nDist.- bhojpur, bihar",
    "br_code": 793100,
    "br_ph": "",
    "br_email": ""
  },
  {
    "br_name": "Dhawani",
    "br_address_full": "Dhawani Branch (168900)\nGorari, Karakat, Dist-Rohtas",
    "br_code": 168900,
    "br_ph": "",
    "br_email": ""
  },
  {
    "br_name": "Dobhi",
    "br_address_full": "DOBHI BRANCH (168500)\nDOBHI, Gaya, Bihar",
    "br_code": 168500,
    "br_ph": "",
    "br_email": ""
  },
  {
    "br_name": "Don",
    "br_address_full": "DON BRANCH (155100)\nVIll.+ Post - DON,P.S.- DARAULI\nDist.- SIWAN - 841235, bihar",
    "br_code": 155100,
    "br_ph": "",
    "br_email": ""
  },
  {
    "br_name": "Dulhin Bazar",
    "br_address_full": "dulhin bazar branch (154500)\ndulhin bazar, patna - 801102, bihar",
    "br_code": 154500,
    "br_ph": "",
    "br_email": ""
  },
  {
    "br_name": "Dumraon",
    "br_address_full": "DUMRAON BRANCH (015200)\nAT+P.o.- DumRaon, RAJGARH\nBUXAR - 802119, bihar",
    "br_code": "015200",
    "br_ph": "",
    "br_email": ""
  },
  {
    "br_name": "Dumri",
    "br_address_full": "dumri Branch (154700)\nP.O.- Dumri,P.S.- Simri\nDist.- BUXAR, BIHAR",
    "br_code": 154700,
    "br_ph": "",
    "br_email": ""
  },
  {
    "br_name": "Dumri Manjhi",
    "br_address_full": "Dumri manjhi branch (155300)\np.O.- manjhi, dist.- saran - 841313 bihar",
    "br_code": 155300,
    "br_ph": "",
    "br_email": ""
  },
  {
    "br_name": "Dumri Punpun",
    "br_address_full": "Dumri branch (169200)\nvill.+ P.O.- Jat dumri\n Block - punpun, patna - 804453, bihar",
    "br_code": 169200,
    "br_ph": "",
    "br_email": ""
  },
  {
    "br_name": "East Gandhi Maidan",
    "br_address_full": "East Gandhi Maidan Branch (304100)\nHOTEL TOURIST BUILDING\nEast Gandhi Maidan, Patna - 800 004, Bihar",
    "br_code": 304100,
    "br_ph": "0612-2675482",
    "br_email": ""
  },
  {
    "br_name": "Exhibition Road",
    "br_address_full": "exhibition road branch (038000)\n1st floor, sushila sadan\nexhibition road, patna - 800001, bihar",
    "br_code": "038000",
    "br_ph": "",
    "br_email": ""
  },
  {
    "br_name": "Fatehpur",
    "br_address_full": "Fatehpur branch (65800)\nAt+PO-Fatehpur, P.S.-Didarganj\nDist-Patna-7",
    "br_code": "065800",
    "br_ph": "",
    "br_email": ""
  },
  {
    "br_name": "Fatuha",
    "br_address_full": "fatuha Branch (717800),\nnear maharani chowk, main road,\nfatuha , Dist.- patna - 803201, Bihar",
    "br_code": 717800,
    "br_ph": "0612-2440205",
    "br_email": ""
  },
  {
    "br_name": "Gajrajganj",
    "br_address_full": "GAJRAJGANJ BRANCH (191700)\nvill.+ p.O.- GAJRAJGANJ,\nDist.- Bhojpur - 802157, Bihar",
    "br_code": 191700,
    "br_ph": "",
    "br_email": ""
  },
  {
    "br_name": "Gandhi Chowk Chapra",
    "br_address_full": "Gandhi Chowk Branch (9952)\nChapra, Bihar-841301\nMobile : 9771478510",
    "br_code": "009952",
    "br_ph": "",
    "br_email": ""
  },
  {
    "br_name": "Gandhi Nagar",
    "br_address_full": "Gandhi Nagar Branch (3869)\nNear Kanti Factory Road\nM.G. Road, Kankarbagh\nPatna-800026, Bihar",
    "br_code": "003869",
    "br_ph": "",
    "br_email": ""
  },
  {
    "br_name": "Gangaur",
    "br_address_full": "Gangaur BRANCH (175200)\nMadhubani - 847308, Bihar",
    "br_code": 175200,
    "br_ph": "",
    "br_email": ""
  },
  {
    "br_name": "Ghaghabazar",
    "br_address_full": "Ghaghabazar Branch (192800)\nPost- Nawadaben, Dist.- Bhojpur, Bihar",
    "br_code": 192800,
    "br_ph": "",
    "br_email": ""
  },
  {
    "br_name": "Ghoshi",
    "br_address_full": "GHOSHI BRANCH (727300)\nP.O.+ P.S.- GHOSHI\nJehanabad - 804406 bihar",
    "br_code": 727300,
    "br_ph": "",
    "br_email": ""
  },
  {
    "br_name": "Ghoswari",
    "br_address_full": "ghoswari branch (409700)\nAT-Ghoswari, P.O.- Dhanak dov\nmokama, Dist.- PAtna, bihar PIN-803302",
    "br_code": 409700,
    "br_ph": "",
    "br_email": ""
  },
  {
    "br_name": "Ghoswari Champapur",
    "br_address_full": "Ghoswari Champapur Branch(1921)\nDist.- Patna- 803212, Bihar",
    "br_code": "001921",
    "br_ph": "",
    "br_email": ""
  },
  {
    "br_name": "Giriak",
    "br_address_full": "Giriak branch (067700)\nVill.+ p.O.+ P.S.- giriak\nDist.- nalanda - 803109, bihar",
    "br_code": "067700",
    "br_ph": "",
    "br_email": ""
  },
  {
    "br_name": "Giridih",
    "br_address_full": "giridih branch (663400)\nbara chowk\ngiridih - 815301, jharkhand",
    "br_code": 663400,
    "br_ph": "",
    "br_email": ""
  },
  {
    "br_name": "Goh",
    "br_address_full": "GOH Branch (067600)\n distt.-aurangabad-824203, BIHAR",
    "br_code": "067600",
    "br_ph": "06328-248722",
    "br_email": ""
  },
  {
    "br_name": "Gopalganj",
    "br_address_full": "Gopalganj Branch (393800)\nChandragokhul Road, Gopalganj, Bihar, PIN- 841428",
    "br_code": 393800,
    "br_ph": "",
    "br_email": ""
  },
  {
    "br_name": "Gopalpur Sherghati",
    "br_address_full": "GOPALPUR (SHERGHATI) - 168600\nPALIKA BAZAR, GOLA BAZAR ROAD\nSHERGHATI, GAYA - 824211, BIHAR",
    "br_code": 168600,
    "br_ph": "",
    "br_email": ""
  },
  {
    "br_name": "Goraul",
    "br_address_full": "Goraul branch (804500)\nGoraul, vaishali - 844118, Bihar",
    "br_code": 804500,
    "br_ph": "",
    "br_email": ""
  },
  {
    "br_name": "Goriyasthan",
    "br_address_full": "GorAiyasthan Branch (192000)\nP.O.-Vyapur, P.S.-Maner\nDist-Patna - 801503",
    "br_code": 192000,
    "br_ph": "",
    "br_email": ""
  },
  {
    "br_name": "Gorsara",
    "br_address_full": "GORSARA BRANCH (278400)\nRAMGARH, KAIMUR - 821110, BIHAR",
    "br_code": 278400,
    "br_ph": "",
    "br_email": ""
  },
  {
    "br_name": "Guraru-Gaya",
    "br_address_full": "GURARU BRANCH (067500)\nVill.+ Post - Guraru, \nDist.- Gaya - 824118, bihar",
    "br_code": "067500",
    "br_ph": "",
    "br_email": ""
  },
  {
    "br_name": "Hajipur",
    "br_address_full": "hajipur Branch (4037)\nkamla complex, rajendra chowk\np.o.-hajipur, distt.-vaishali-844101\nBIHAR",
    "br_code": "004037",
    "br_ph": "06224-260009",
    "br_email": ""
  },
  {
    "br_name": "Haldi Chapra",
    "br_address_full": "Haldi Chapra Branch (201200)\nManer, PAtna, Bihar",
    "br_code": 201200,
    "br_ph": "",
    "br_email": ""
  },
  {
    "br_name": "Hanuman Nagar",
    "br_address_full": "HANUMAN NAGAR BRANCH (794500)\nnear housing board, Main Market\nHANUMAN NAGAR, PATNA - 800020, BIHAR",
    "br_code": 794500,
    "br_ph": "",
    "br_email": ""
  },
  {
    "br_name": "Hata Bhabhua",
    "br_address_full": "Hata BRANCH (720600)\nBhabhua, Kaimur-821106",
    "br_code": 720600,
    "br_ph": "",
    "br_email": ""
  },
  {
    "br_name": "Hilsa",
    "br_address_full": "hilsa branch (606900)\nYogipur road, hilsa\nnalanda - 801302, bihar",
    "br_code": 606900,
    "br_ph": "",
    "br_email": ""
  },
  {
    "br_name": "Hisua",
    "br_address_full": "HISUA Branch (068500)\nP.O.+P.S.- Hisua\nDist.- Nawada - 805103, Bihar",
    "br_code": "068500",
    "br_ph": "",
    "br_email": ""
  },
  {
    "br_name": "Hulasganj",
    "br_address_full": "hulasganj branch (649600)\nP.O.+ P.S.- hulasganj\nDist.- jehanabad - 804407, bihar",
    "br_code": 649600,
    "br_ph": "",
    "br_email": ""
  },
  {
    "br_name": "Imamganj",
    "br_address_full": "imamganj BRANCH (210500)\nP.O. - SHANKARPUR, IMAMGANJ\nDIST.- PATNA - 804426, Bihar",
    "br_code": 210500,
    "br_ph": "",
    "br_email": ""
  },
  {
    "br_name": "Inarwa",
    "br_address_full": "INARWA BRANCH (229500)\nINARWA BAZAR\nWEST ChAMPARAN - 845306, BIHAR",
    "br_code": 229500,
    "br_ph": "",
    "br_email": ""
  },
  {
    "br_name": "Jagdishpur",
    "br_address_full": "Jagdishpur branch (600300)\nKOTOWAL, Jagdishpur - 802158,\nBHOJPUR, Bihar",
    "br_code": 600300,
    "br_ph": "",
    "br_email": ""
  },
  {
    "br_name": "Jalalpur",
    "br_address_full": "JAlalpur Branch (224400)\njalalpur via barahi, P.o.-jalalpur, p.s.- marachi, Dist.- patna - 811302",
    "br_code": 224400,
    "br_ph": "06224-260009",
    "br_email": ""
  },
  {
    "br_name": "Jamhaita",
    "br_address_full": "JAmhaita Branch (168700),\np.o - fatehpur , Dist.- gaya- 824232",
    "br_code": 168700,
    "br_ph": "",
    "br_email": ""
  },
  {
    "br_name": "Jamui",
    "br_address_full": "JAMUI BRANCH (656000)\nBODHWAN TALAB, KHAIRA ROAD,\nJAMUI - 811307, Bihar",
    "br_code": 656000,
    "br_ph": "",
    "br_email": ""
  },
  {
    "br_name": "Janipur",
    "br_address_full": "janipur branch (223900)\njanipur, sorampur\npatna - 801505, bihar",
    "br_code": 223900,
    "br_ph": "",
    "br_email": ""
  },
  {
    "br_name": "Janta Bazar",
    "br_address_full": "janta bazar branch (224300)\np.o.- panditpur, Chapra\ndist.- saran - 841224, bihar",
    "br_code": 224300,
    "br_ph": "",
    "br_email": ""
  },
  {
    "br_name": "Jarkha",
    "br_address_full": "JARKHA BRANCH (953700)\nJARKHA, P.O.- CHIKNI, P.S.- SIGORI\nPATNA - 801110, BIHAR",
    "br_code": 953700,
    "br_ph": "",
    "br_email": ""
  },
  {
    "br_name": "Jehanabad",
    "br_address_full": "jEhanabad Branch (0228)\npatna-gaya road\ndistt.-jEhanabad,BIHAR",
    "br_code": "000228",
    "br_ph": "",
    "br_email": ""
  },
  {
    "br_name": "Kamalpura",
    "br_address_full": "Kamalpura Branch (1637)\nVill+Post-Kamalpura, Via-Bakhra\nMuzaffarpur,Bihar-843101",
    "br_code": "001637",
    "br_ph": "",
    "br_email": ""
  },
  {
    "br_name": "Kamtaul",
    "br_address_full": "Kamtaul BRANCH (987000)\nMain ROad, Kamtaul Jale\nDarbhanga-847304",
    "br_code": 987000,
    "br_ph": "",
    "br_email": ""
  },
  {
    "br_name": "Kanaudi",
    "br_address_full": "kanaudi branch (797600)\nKanaudi, P.O.- muther\nDist.- jehanabad - 804417, bihar",
    "br_code": 797600,
    "br_ph": "",
    "br_email": ""
  },
  {
    "br_name": "Kankarbagh",
    "br_address_full": "KANKARBAGH BRANCH(149900) \nDOCTORS' COLONY, PATNA-800020\nDISTT.-Patna , Bihar",
    "br_code": 149900,
    "br_ph": "0612-2351087",
    "br_email": ""
  },
  {
    "br_name": "Kanpa",
    "br_address_full": "Kanpa BRANCH (237600)\nPO+PS-Saidabad (Ranitalab)\nVia-Vikram, Dist-Patna - 801101",
    "br_code": 237600,
    "br_ph": "",
    "br_email": ""
  },
  {
    "br_name": "Kargahar",
    "br_address_full": "Kargahar Branch (2353)\nDist-ROhtas - 821107\nBihar",
    "br_code": "002353",
    "br_ph": "",
    "br_email": ""
  },
  {
    "br_name": "Karji",
    "br_address_full": "Karji Branch (269500)\nKarji, PO-Amon, PS-Chainpur\nDist-Kaimur - 821106, Bihar",
    "br_code": 269500,
    "br_ph": "",
    "br_email": ""
  },
  {
    "br_name": "Karom",
    "br_address_full": "karom Branch (23660), SIWAN\nVill.+ P.O.- Karom, P.S.- Darauli,\nDist.- siwan - 841239, BIHAR",
    "br_code": "023660",
    "br_ph": "",
    "br_email": ""
  },
  {
    "br_name": "Karwandia",
    "br_address_full": "karwandia branch (216900)\n sasaram, rohtas - 821316, BIHAR",
    "br_code": 216900,
    "br_ph": "",
    "br_email": ""
  },
  {
    "br_name": "Kawakole",
    "br_address_full": "kawakole Branch (230900)\nP.O.+ P.S.- KAWAKOLE,\nDistt.-nawada - 805106, BIHAR",
    "br_code": 230900,
    "br_ph": 9771463038,
    "br_email": ""
  },
  {
    "br_name": "Kazisarai",
    "br_address_full": "Kazaisarai Branch (237500)\nJehanabad, Bihar- 804420",
    "br_code": 237500,
    "br_ph": "",
    "br_email": ""
  },
  {
    "br_name": "Ketaki",
    "br_address_full": "Ketaki branch (235900)\nat & p.o.-ketaki, p.s.- deo\nDist.- Aurangabad- 824216,bihar",
    "br_code": 235900,
    "br_ph": "",
    "br_email": ""
  },
  {
    "br_name": "Khagaria",
    "br_address_full": "khagaria Branch (493100)\nAt - Awadh Complex, gupta market\nrajendra chowk\nP.O.+ Dist.- Khagaria - 851204, Bihar",
    "br_code": 493100,
    "br_ph": "",
    "br_email": ""
  },
  {
    "br_name": "Khagaul",
    "br_address_full": "khagaul branch (9972)\nGarikhana more, near drm office\ndanapur, Khagaul, Patna, Bihar",
    "br_code": "009972",
    "br_ph": "",
    "br_email": ""
  },
  {
    "br_name": "Khaira Mod Jamui",
    "br_address_full": "Khaira Mod Jamui Branch (656000)\nDist-Jamui , BIhar-811307",
    "br_code": 656000,
    "br_ph": "",
    "br_email": ""
  },
  {
    "br_name": "Khairabhudhar",
    "br_address_full": "khairabhudhar Branch (235800),\nP.S.- Bikramganj, P.O.- Natwar,\ndist.- rohtas, bihar",
    "br_code": 235800,
    "br_ph": "06185-246366",
    "br_email": ""
  },
  {
    "br_name": "Khajura",
    "br_address_full": "khajura Branch (236700)\nP.O.-Karamnasha\nP.S.-Durgawati (Bhabua)\nKaimur-821105, bihar",
    "br_code": 236700,
    "br_ph": "",
    "br_email": ""
  },
  {
    "br_name": "Khirubigha",
    "br_address_full": "KHIRUBIGHA BRANCH (229400)\nP.O.- DAHABHIGA, P.S.- NAGARNOUSA DIST. - NALANDA - 801302, BiHAR",
    "br_code": 229400,
    "br_ph": "",
    "br_email": ""
  },
  {
    "br_name": "Khojpur",
    "br_address_full": "KHOJPUR BRANCH (304700)\nP.O.- Babubarhi\nMADHUBANI - 847224, BIHAR",
    "br_code": 304700,
    "br_ph": "",
    "br_email": ""
  },
  {
    "br_name": "Koilwar",
    "br_address_full": "KoilwAr Branch (072500)\nVill & P.O.-KoilwAr, \ndistt.-Bhojpur - 802160,BIHAR",
    "br_code": "072500",
    "br_ph": "",
    "br_email": ""
  },
  {
    "br_name": "Koraribaghatila",
    "br_address_full": "korari baghatilla Branch (158200)\nP.O.- Jodhan Bigha, P.S.- BelchhI\ndist.- Patna - 803110, bihar",
    "br_code": 158200,
    "br_ph": "",
    "br_email": ""
  },
  {
    "br_name": "Koriaya Sultanpur",
    "br_address_full": "Koriaya sultanpur Branch (1585)\nDist.-Patna-801102, Bihar",
    "br_code": "001585",
    "br_ph": "",
    "br_email": ""
  },
  {
    "br_name": "Korwan",
    "br_address_full": "Korwan Branch (783900)\nP.O.- Dariyapur,P.S.- Islampur, \nDist Nalanda-801303, Bihar",
    "br_code": 783900,
    "br_ph": "",
    "br_email": ""
  },
  {
    "br_name": "Kothia",
    "br_address_full": "kothia brach (160800)\nAt+P.O.- kothia, KEOTI, VIA - Pindaruch darbhanga - 847306, bihar",
    "br_code": 160800,
    "br_ph": "",
    "br_email": ""
  },
  {
    "br_name": "Kudra",
    "br_address_full": "KUDRA Branch (072400)\nP.O.- Kudra \ndistt.-Kaimur- 821108,BIHAR",
    "br_code": "072400",
    "br_ph": "06187-255239",
    "br_email": ""
  },
  {
    "br_name": "Kukurha",
    "br_address_full": "Kukurha branch (237000)\nVill.+ P.O.- kukurha, p.s.- itarhi\ndist.- Buxar - 802123, bihar",
    "br_code": 237000,
    "br_ph": "",
    "br_email": ""
  },
  {
    "br_name": "Kuraich",
    "br_address_full": "kuraich BRANCH (693400)\nAt: Mohalla gaurakshini, \nSasaram, dist.- rohtas-821115, BIHAR",
    "br_code": 693400,
    "br_ph": "06184-222145",
    "br_email": ""
  },
  {
    "br_name": "Kurji",
    "br_address_full": "KURJI BRANCH (758200)\nP.S.-Patliputra, Digha Ghat\nKurji More, Patna-800010",
    "br_code": 758200,
    "br_ph": "",
    "br_email": ""
  },
  {
    "br_name": "Kurtha",
    "br_address_full": "KURTHA BRANCH (649700)\nKURTHA, ARWAL - 804421\nBIHAR",
    "br_code": 649700,
    "br_ph": "",
    "br_email": ""
  },
  {
    "br_name": "Ladania",
    "br_address_full": "laDANIA branch (241500)\nladania ,DistT.- Madhubani - 843272 \nBihar",
    "br_code": 241500,
    "br_ph": "",
    "br_email": ""
  },
  {
    "br_name": "Lakhaura",
    "br_address_full": "Lakhaura branch (156200)\nP.O. - Lakhaura , Dist-East Champaran\nMotihari - 845302, Bihar",
    "br_code": 156200,
    "br_ph": "",
    "br_email": ""
  },
  {
    "br_name": "Lakhawar",
    "br_address_full": "Lakhawar BRANCH (242100)\nP.O.- Lakhawar, P.S.- Ghoshi\nJehanabad-804434\nBIHAR",
    "br_code": 242100,
    "br_ph": "",
    "br_email": ""
  },
  {
    "br_name": "Lakhisarai",
    "br_address_full": "lakhisarai branch (393600)\nNaya Bazar, Lakhisarai - 811311, Bihar",
    "br_code": 393600,
    "br_ph": "",
    "br_email": ""
  },
  {
    "br_name": "LDMO Aurangabad",
    "br_address_full": "LDMO Aurangabad\nL SINGH TOWER, NEAR TOWN THANA\nOLD G.T. ROAD\nAurangabad, Bihar",
    "br_code": "",
    "br_ph": "",
    "br_email": ""
  },
  {
    "br_name": "LDMO Bhabhua",
    "br_address_full": "Lead district manager office\nEKTA CHOWK, GURDEV KATRA\nDist.- kaimur, bhabhua, bihar",
    "br_code": "",
    "br_ph": "",
    "br_email": ""
  },
  {
    "br_name": "LDMO Biharsharif",
    "br_address_full": "LEAD DISTRICT MANAGER'S OFFICE\nRAMCHANDRAPUR, BIHARSHARIF\nDISTT.- NALANDA-803101, Bihar",
    "br_code": "",
    "br_ph": "06112-232103",
    "br_email": ""
  },
  {
    "br_name": "LDMO Boring Road",
    "br_address_full": "LEAD DISTRICT MANAGER'S OFFICE\nBoring road Chouraha,\npatna - 800001, BIHAR",
    "br_code": "",
    "br_ph": "",
    "br_email": ""
  },
  {
    "br_name": "LDMO Buxar",
    "br_address_full": "Lead district manager's office, buxar\nBuxar - 802101, bihar",
    "br_code": "",
    "br_ph": "",
    "br_email": ""
  },
  {
    "br_name": "LDMO Jehanabad",
    "br_address_full": "LEAD DISTRICT MANAGER OFFICE (5058)\nNear Unique Petrol Pump\nJehanabad-804408",
    "br_code": "005058",
    "br_ph": "",
    "br_email": ""
  },
  {
    "br_name": "LDMO Lakhisarai",
    "br_address_full": "LEAD DISTRICT MANAGER OFFICE (5657)\nNear HAzi Market,\nNaya Bazar, Lakhisarai - 811311",
    "br_code": "005657",
    "br_ph": "",
    "br_email": ""
  },
  {
    "br_name": "LDMO Nalanda",
    "br_address_full": "LEAD DISTRICT MANAGER OFFICE (5018)\nramchandrapur, Near Fish market\nBiharsharif, Nalanda - 803101",
    "br_code": "005018",
    "br_ph": "",
    "br_email": ""
  },
  {
    "br_name": "LDMO Nawada",
    "br_address_full": "LEAD DISTRICT MANAGER'S OFFICE(5094)\nOpp.- District Collectorate\nNAWADA - 805110 , BIHAR",
    "br_code": "005094",
    "br_ph": "06324-212632",
    "br_email": ""
  },
  {
    "br_name": "LDMO Rohtas",
    "br_address_full": "Lead District Manager's Office\nHari complex, 2nd Floor, Old G.T. Road Rohtas, Sasaram, Bihar",
    "br_code": "",
    "br_ph": "",
    "br_email": ""
  },
  {
    "br_name": "Lilwachh",
    "br_address_full": "Lilawachh Branch (113900)\nAt-Khanita, P.o.-Lilawachh\nDist-Rohtas,Bihar - 802218",
    "br_code": 113900,
    "br_ph": "",
    "br_email": ""
  },
  {
    "br_name": "Lohardaga",
    "br_address_full": "Lohardaga Branch (404300)\nRana Chowk, Lohardaga - 835302 Jharkhand",
    "br_code": 404300,
    "br_ph": "",
    "br_email": ""
  },
  {
    "br_name": "Madhepura",
    "br_address_full": "Madhepura Branch (493200)\nMAIN ROAD, madhepura - 852113, bihar",
    "br_code": 493200,
    "br_ph": "",
    "br_email": ""
  },
  {
    "br_name": "Maharajganj",
    "br_address_full": "MAHARAJGANJ BRANCH (034900)\nBANK ROAD, MAHARAJGANJ\nSIWAN - 841238, BIHAR",
    "br_code": "034900",
    "br_ph": "",
    "br_email": ""
  },
  {
    "br_name": "Mahavir Chowk Ranchi",
    "br_address_full": "MAHAVIR CHOWK, RANCHI (109100)\nUPPER BAZAR, MAHAVIR CHOWK\nRANCHI, JHARKHAND",
    "br_code": 109100,
    "br_ph": "",
    "br_email": ""
  },
  {
    "br_name": "Makarpur (Mussi)",
    "br_address_full": "Makarpur (Mussi) Branch (161500)\nVill-Makarpur,\nP.S. + P.O.-Makhdumpur\ndist.-Jehanabad, BIHAR-80442",
    "br_code": 161500,
    "br_ph": "",
    "br_email": ""
  },
  {
    "br_name": "Malhipur",
    "br_address_full": "Malhipur Branch(269300)\nBharandua, Chenari, Sasaram\nDist- ROhtas, Bihar",
    "br_code": 269300,
    "br_ph": "",
    "br_email": ""
  },
  {
    "br_name": "Mali (Arwal)",
    "br_address_full": "Mali (Arwal) branch (23900)\nPrev.- turktelpa, block - banshi\nSonbhadra, ARwal - 804419, Bihar",
    "br_code": "023900",
    "br_ph": "",
    "br_email": ""
  },
  {
    "br_name": "Mali Aurangabad",
    "br_address_full": "Mali,Aurangabad Branch (239300)\nVill+P.O.-Mali, distt.-aurangabad, BIHAR",
    "br_code": 239300,
    "br_ph": "",
    "br_email": ""
  },
  {
    "br_name": "Mamarkhabad",
    "br_address_full": "Mamarkhabad Branch (731100)\nDist.- patna - 803221, Bihar",
    "br_code": 731100,
    "br_ph": "06132-222070",
    "br_email": ""
  },
  {
    "br_name": "Manoharpur Kachhuar",
    "br_address_full": "Boring ROad Branch (2910)\nBoring road crossing ,\nPatna - 800 001, Bihar",
    "br_code": "002910",
    "br_ph": "0612-2571422/2573567/2578485",
    "br_email": ""
  },
  {
    "br_name": "Maranchi",
    "br_address_full": "Maranchi BRANCH (256000)\nMaranchi, Dist-Patna, bihar",
    "br_code": 256000,
    "br_ph": "",
    "br_email": ""
  },
  {
    "br_name": "Masaurhi",
    "br_address_full": "masaurhi branch (273400)\nmasaurhi, patna - 804452, bihar",
    "br_code": 273400,
    "br_ph": "",
    "br_email": ""
  },
  {
    "br_name": "Mehandia",
    "br_address_full": "ARWAL Branch (448400),\naurangabad-PATNA ROAD,\nInfront of police station,\ndistt.- ARWAL, BIHAR",
    "br_code": 448400,
    "br_ph": "06337 - 229050",
    "br_email": ""
  },
  {
    "br_name": "Mehura",
    "br_address_full": "MEHURA BRANCH (1563)\nWest champaran - 845101, bihar\n(O): 06251-253034",
    "br_code": "001563",
    "br_ph": "",
    "br_email": ""
  },
  {
    "br_name": "Mirganj",
    "br_address_full": "mirganj branch (474500)\nMain road, mirganj\nDist.-gopalganj-841438, Bihar",
    "br_code": 474500,
    "br_ph": "",
    "br_email": ""
  },
  {
    "br_name": "Mirzapur",
    "br_address_full": "Mirzapur BRANCH 255900\nMirzapur, Saran, Bihar - 841419",
    "br_code": "",
    "br_ph": "",
    "br_email": ""
  },
  {
    "br_name": "Mithapur",
    "br_address_full": "MITHAPUR BRANCH (880500)\nRAJ CHANDRA APARTMENT, EAST BIGRAHPUR NEW BYPASS ROAD, PATNA - 800001, BIHAR",
    "br_code": 880500,
    "br_ph": "",
    "br_email": ""
  },
  {
    "br_name": "Modanganj",
    "br_address_full": "Modanganj Branch (1089)\nP.S. - Ghoshi, P.O.-Modanganj\nDist-Jehanabad, Bihar",
    "br_code": "001089",
    "br_ph": "",
    "br_email": ""
  },
  {
    "br_name": "Modnipur",
    "br_address_full": "Modnipur Branch (784200)\nMedanichowki, Post - Amarpur\nLakhisarai - 811106, Bihar",
    "br_code": 784200,
    "br_ph": "",
    "br_email": ""
  },
  {
    "br_name": "Mohanpur",
    "br_address_full": "mohanpur Branch (7210)\nP.O.- Mohanour,\ndistt.-samastipur-848101,BIHAR",
    "br_code": "007210",
    "br_ph": "",
    "br_email": ""
  },
  {
    "br_name": "Mohanpur Ramganj",
    "br_address_full": "MOHANPUR RAMGANJ (159900)\nMOHANPUR RAMGANJ, P.O.- MOHANPUR\nP.S.- GAURICHAK, PATNA - 804453, Bihar",
    "br_code": 159900,
    "br_ph": "",
    "br_email": ""
  },
  {
    "br_name": "Mohiuddinpur",
    "br_address_full": "MOHIUDDINPUR Branch (282500)\nP.O.-SINDUARI VIA KONAH, \nDIST.- AURANGABAD, BIHAR-80512",
    "br_code": 282500,
    "br_ph": "",
    "br_email": ""
  },
  {
    "br_name": "Morcha Road",
    "br_address_full": "Morcha Road BRANCH, (2916)\n MORCHA ROAD, Patna City, \nPatna - 800009, bIHAR",
    "br_code": "002916",
    "br_ph": "0612-2616447 , 2641180",
    "br_email": ""
  },
  {
    "br_name": "Munger",
    "br_address_full": "Munger Branch ( 0326)\nBari Bazar Munger\nDist.- Munger - 811201, Bihar",
    "br_code": "000326",
    "br_ph": "",
    "br_email": ""
  },
  {
    "br_name": "Muradpur Khaitan Mkt",
    "br_address_full": "Muradpur Branch (039400)\nkhaitan super market, \nbirla mandir road, patna - 800004, BIHAR, faX : 2675384",
    "br_code": "039400",
    "br_ph": "0612-2675051,2675136",
    "br_email": ""
  },
  {
    "br_name": "Murgaon",
    "br_address_full": "murgaon branch (239100)\nmurgaon, jehanabad - 801303, bihar",
    "br_code": 239100,
    "br_ph": "",
    "br_email": ""
  },
  {
    "br_name": "Murlipur",
    "br_address_full": "MURLIPUR BRANCH (295200)\nTARAIYA, SARAN, BIHAR",
    "br_code": 295200,
    "br_ph": "",
    "br_email": ""
  },
  {
    "br_name": "Nabadwip",
    "br_address_full": "Nabadwip BRANCH (303500)\nTegharipara Road\nNadia, West bengal-741302",
    "br_code": 303500,
    "br_ph": "",
    "br_email": ""
  },
  {
    "br_name": "Nabinagar",
    "br_address_full": "NABINagar Branch (608200)\nP.O.+ P.S.- NABINAGAR\nDIST.- AURANGABAD - 824301, BIHAR",
    "br_code": 608200,
    "br_ph": "",
    "br_email": ""
  },
  {
    "br_name": "Nadaul",
    "br_address_full": "Nadaul Branch (2734)\nP.O.- Masaurhi, Dist.- Patna,\nBihar PIN- 804452",
    "br_code": "002734",
    "br_ph": "977146484 (BM)",
    "br_email": ""
  },
  {
    "br_name": "Nadwan",
    "br_address_full": "Nadwan Branch (273500) \nAt & P.O.- NAdwan, \nDist.- PAtna- 804453, Bihar",
    "br_code": 273500,
    "br_ph": "",
    "br_email": ""
  },
  {
    "br_name": "Nagarnausa",
    "br_address_full": "NAGARNAUSA BRANCH (272800)\nNAGARNAUSA, NALANDA - 801305\nBIHAR",
    "br_code": 272800,
    "br_ph": "",
    "br_email": ""
  },
  {
    "br_name": "Nagwan Fatehpur",
    "br_address_full": "NAgwan Fatehpur Branch(173900)\nDist.- GAya-805128, Bihar",
    "br_code": 173900,
    "br_ph": "",
    "br_email": ""
  },
  {
    "br_name": "Nanauti",
    "br_address_full": "Nanauti BRANCH (171400)\nAt+Post-Nanuti, P.S.-Basnahi\nDist-Saharsa, Bihar",
    "br_code": 171400,
    "br_ph": "",
    "br_email": ""
  },
  {
    "br_name": "Naraipur",
    "br_address_full": "naraipur branch (716400)\nbagaha - 2, west champaran, bihar",
    "br_code": 716400,
    "br_ph": "",
    "br_email": ""
  },
  {
    "br_name": "Narayanpur",
    "br_address_full": "narayanpur branch (273600)\nAT + Post - NArayanpur\nP.S.- Taraiya, dist. - chapra - 841424, bihar",
    "br_code": 273600,
    "br_ph": "",
    "br_email": ""
  },
  {
    "br_name": "Nardiganj",
    "br_address_full": "NArdiganj Branch (272700),\n Vill & P.O.- nardigang ,\ndistt.-nawada - 805109 ,BIHAR",
    "br_code": 272700,
    "br_ph": "06324-26601",
    "br_email": ""
  },
  {
    "br_name": "Narkatiaganj",
    "br_address_full": "Narkatiaganj BRANCH (7212)\nMAIN ROAD, Shivganj Chowk\nNarkatiaganj, West Champaran\nPIN - 845455, BIHAR",
    "br_code": "007212",
    "br_ph": "",
    "br_email": ""
  },
  {
    "br_name": "Natwar",
    "br_address_full": "natwar branch (080900)\nAT & P.O.- Natwar\ndistt.- rohtas - 802218, BIHAR\nMOB: 9631453214(S.Mgr.)",
    "br_code": "080900",
    "br_ph": "",
    "br_email": ""
  },
  {
    "br_name": "Naubatpur",
    "br_address_full": "NAUBATPUR BRANCH (684200)\nNH-98 Road, NAUBATPUR\nPATNA, BIHAR",
    "br_code": 684200,
    "br_ph": "",
    "br_email": ""
  },
  {
    "br_name": "Nauwagarhi",
    "br_address_full": "Nauwagarhi Branch (640500)\nNauwagarhi, Munger\nBihar-811211",
    "br_code": 640500,
    "br_ph": "",
    "br_email": ""
  },
  {
    "br_name": "Nawada",
    "br_address_full": "Nawada Branch-(271100) ,\nPatna-Ranchi Road , Near Nawada Collectriate(Samaharnalay) , Nawada , Bihar",
    "br_code": 271100,
    "br_ph": "06324-21229",
    "br_email": ""
  },
  {
    "br_name": "Nawanagar",
    "br_address_full": "nawanagar branch (270300)\nnawanagar, buxar - 802129, bihar",
    "br_code": 270300,
    "br_ph": "",
    "br_email": ""
  },
  {
    "br_name": "Nazardih",
    "br_address_full": "NAZARDIH BRANCH (204800)\nNAZARDIH, P.O.- MARUT,\nDIST.- NAWADA - 803104, BIHAR",
    "br_code": 204800,
    "br_ph": "",
    "br_email": ""
  },
  {
    "br_name": "NBIDA Hajipur",
    "br_address_full": "NBIDA Branch, Hajipur (625600)\nramashish chowk, hajipur\ndist.- Vaishali- 844001, Bihar",
    "br_code": 625600,
    "br_ph": "06224-271066",
    "br_email": ""
  },
  {
    "br_name": "Nehra",
    "br_address_full": "nehra branch (049800)\nmanigachhi, darbhanga - 847233\nbihar",
    "br_code": "049800",
    "br_ph": "",
    "br_email": ""
  },
  {
    "br_name": "Neura",
    "br_address_full": "Neura Branch (272900)\nVill.- Neura, bihta\npatna - 801113, bihar",
    "br_code": 272900,
    "br_ph": "",
    "br_email": ""
  },
  {
    "br_name": "New Market",
    "br_address_full": "new market Branch (291300),\nmaharaja Kameshwar complex\nfraser road, patna - 800001, bihar, fax - 2202555",
    "br_code": 291300,
    "br_ph": "0612-2233192, 2221519",
    "br_email": ""
  },
  {
    "br_name": "Nirmala College Ranchi",
    "br_address_full": "NIRMALA COLLEGE RANCHI (926500)\nRANCHI - 834002, JHARKHAND",
    "br_code": 926500,
    "br_ph": "",
    "br_email": ""
  },
  {
    "br_name": "Nonsari",
    "br_address_full": "Nonsari Branch (273800)\nVill + PO - NONsarI,\nDist.- Rohtas\nBIHAR-802215",
    "br_code": 273800,
    "br_ph": "",
    "br_email": ""
  },
  {
    "br_name": "Noorsarai",
    "br_address_full": "NOORSARAI BRANCH (081400)\nnoorsarai, Nalanda - 803113, bihar",
    "br_code": "081400",
    "br_ph": "",
    "br_email": ""
  },
  {
    "br_name": "Nuaon",
    "br_address_full": "nuaon branch (600800)\nAT+ P.O.+ P.S.- nuaon, Dist.- kaimur bhabhua - 802132, bihar",
    "br_code": 600800,
    "br_ph": "",
    "br_email": ""
  },
  {
    "br_name": "Obra",
    "br_address_full": "OBRA BRANCH (280100)\nOBRA, AURANGABAD\n BIHAR,PIN- 824124",
    "br_code": 280100,
    "br_ph": "",
    "br_email": ""
  },
  {
    "br_name": "Old GT Rd Aurang",
    "br_address_full": "Old G.T. Road Branch-6083000\nOpp.- Town Thana, Aurangabad\nBihar, PIN- 824101,",
    "br_code": 608300,
    "br_ph": "",
    "br_email": ""
  },
  {
    "br_name": "Pabhera",
    "br_address_full": "pabhera branch (158000)\nAT + P.O.- pabhera, Dist.- patna\nbihar",
    "br_code": 158000,
    "br_ph": "",
    "br_email": ""
  },
  {
    "br_name": "Pakari More",
    "br_address_full": "pakari more branch (991200)\npakari more, siwan - 841226, bihar",
    "br_code": 991200,
    "br_ph": "",
    "br_email": ""
  },
  {
    "br_name": "Pakaribarawan",
    "br_address_full": "pakri barawan branch (290800)\nNear Main Market\n distt.-nawada - 805124, BIHAR",
    "br_code": 290800,
    "br_ph": "",
    "br_email": ""
  },
  {
    "br_name": "Paliganj",
    "br_address_full": "paliganj branch (082900)\npaliganj, patna - 801110, Bihar",
    "br_code": "082900",
    "br_ph": "",
    "br_email": ""
  },
  {
    "br_name": "Pandarak",
    "br_address_full": "PandarAK Branch (290500) \nBLOCK - PANDARAK,TEHSIL.BARH\ndistt.-pATNA-803221,BIHAR",
    "br_code": 290500,
    "br_ph": "",
    "br_email": ""
  },
  {
    "br_name": "Pandaul",
    "br_address_full": "pandaul branch (179000)\nPANDAUL BUZURG, NANPUR\nSITAMARHI - 843326, bihar",
    "br_code": 179000,
    "br_ph": "",
    "br_email": ""
  },
  {
    "br_name": "Parsa Bazar",
    "br_address_full": "Parsa Bazar Branch (294300)\nParsa Bazar, Patna - 804453, Bihar",
    "br_code": 294300,
    "br_ph": "",
    "br_email": ""
  },
  {
    "br_name": "Pasaur Bhojpur",
    "br_address_full": "Pasaur Branch (217200)\nvia - charpokhari, vill.+ P.O.- pasaur\nara, bhojpur - 802223, bihar",
    "br_code": 217200,
    "br_ph": "",
    "br_email": ""
  },
  {
    "br_name": "Pataliputra Colony",
    "br_address_full": "patliputra Colony Branch (758300)\nHouse No.-152, PAtliputra Colony,\nPatna - 800013, bihar",
    "br_code": 758300,
    "br_ph": "",
    "br_email": ""
  },
  {
    "br_name": "Patliputra Station",
    "br_address_full": "patliputra Station Road Branch (536800)\npatliputra station, Patna - 800025, bihar",
    "br_code": 536800,
    "br_ph": "",
    "br_email": ""
  },
  {
    "br_name": "Patna City",
    "br_address_full": "Patna City BRANCH(0381)\nCHOWK,PATNA CITY, \nPatna - 800008, bIHAR",
    "br_code": "000381",
    "br_ph": "",
    "br_email": ""
  },
  {
    "br_name": "Patoot",
    "br_address_full": "PATOOT BRANCH(1584) \nP.O.-PATOOT,P.S.-RANI TALAB KANPA\nDISTT.-Patna - 801112, Bihar",
    "br_code": "001584",
    "br_ph": "06135-251160",
    "br_email": ""
  },
  {
    "br_name": "Pawapuri",
    "br_address_full": "pawapuri BRANCH(294200)\nDistt.- nalanda , bIHAR",
    "br_code": 294200,
    "br_ph": "06112-294101",
    "br_email": ""
  },
  {
    "br_name": "Piania",
    "br_address_full": "PIANIA BRANCH (214200)\nP.O.- PIANIA, P.S.- Udwantnagar\nDist.- BHOJPUR - 802210, ARA, BIHAR",
    "br_code": 214200,
    "br_ph": "",
    "br_email": ""
  },
  {
    "br_name": "Pirauta",
    "br_address_full": "PIRAUTA BRANCH (269100)\nP.S.- ARA MUFFASIL\nBhojpur - 802312, BIHAR",
    "br_code": 269100,
    "br_ph": "",
    "br_email": ""
  },
  {
    "br_name": "Piro",
    "br_address_full": "Piro BRANCH (049300)\nPiro, District Bhojpur\nBihar - 802207",
    "br_code": "049300",
    "br_ph": "",
    "br_email": ""
  },
  {
    "br_name": "Pirpainti",
    "br_address_full": "pirpainti branch (742200)\nPirpainti, bhagalpur, bihar",
    "br_code": 742200,
    "br_ph": "",
    "br_email": ""
  },
  {
    "br_name": "PMCH Ashok Raj Path",
    "br_address_full": "PMCH ASHOK RAJ PATH BRANCH (623800)\nASHOK RAJ PATH, PATNA - 800004, Bihar",
    "br_code": 623800,
    "br_ph": "",
    "br_email": ""
  },
  {
    "br_name": "Pokharpur Dumaria",
    "br_address_full": "Pokharpur (Dumaria) BRANCH (282700)\nPokharpur, Dumaria, Dist-Gaya Bihar-824206",
    "br_code": 282700,
    "br_ph": "",
    "br_email": ""
  },
  {
    "br_name": "Pothahi",
    "br_address_full": "Pothahi Branch (294700)\nBasuhar, patna - 804453, bihar",
    "br_code": 294700,
    "br_ph": "",
    "br_email": ""
  },
  {
    "br_name": "Printing & Stationary",
    "br_address_full": "Printing & Stationery centre (510300)\nNew By Pass Road, Anisabad, \npatna - 800002, bihar",
    "br_code": 510300,
    "br_ph": "",
    "br_email": ""
  },
  {
    "br_name": "Punpun",
    "br_address_full": "PUNpun Branch (290900)\npunpun bazar, punpun halt\ndistt.-pATNA-804453, BIHAR",
    "br_code": 290900,
    "br_ph": "",
    "br_email": ""
  },
  {
    "br_name": "Puran(Arwal)",
    "br_address_full": "Puran Branch (175700)\nP.O.+ P.S.- Karpi\nDist.- Arwal - 804419, Bihar",
    "br_code": 175700,
    "br_ph": "",
    "br_email": ""
  },
  {
    "br_name": "Purnia Line Bazar",
    "br_address_full": "PURNEA LINE BAZAR BRANCH (7883)\nPURNEA - 854301, BIHAR",
    "br_code": "007883",
    "br_ph": "",
    "br_email": ""
  },
  {
    "br_name": "R K Avenue",
    "br_address_full": "R.K.Avenue Branch (292100)\nAparne Complex, Kadam kuan,\nPAtna- 800003, Bihar",
    "br_code": 292100,
    "br_ph": "",
    "br_email": ""
  },
  {
    "br_name": "Rafiganj",
    "br_address_full": "Rafiganj Branch (084100)\nRafiganj, Aurangabad\n Bihar - 82412",
    "br_code": "084100",
    "br_ph": "",
    "br_email": ""
  },
  {
    "br_name": "Rahatpur",
    "br_address_full": "Rahatpur branch (1106)\nVill-& P.O.-Rahatpur, \nBegusarai, Bihar",
    "br_code": "001106",
    "br_ph": "",
    "br_email": ""
  },
  {
    "br_name": "Rahui",
    "br_address_full": "Rahui Branch (091800)\nNalanda, Biharsharif,\nBihar-803119",
    "br_code": "091800",
    "br_ph": "",
    "br_email": ""
  },
  {
    "br_name": "Raili",
    "br_address_full": "RAILI BRANCH (03008) \nP.O.- RAILI, P.S.- PANDARAK\nDISTT.- Patna-803221, Bihar",
    "br_code": "003008",
    "br_ph": "",
    "br_email": ""
  },
  {
    "br_name": "Raipur Chor",
    "br_address_full": "Raipur Chor BRANCH (300600)\nVill + P.O. - Raipur Chor\nDist-Rohtas-821113",
    "br_code": 300600,
    "br_ph": "",
    "br_email": ""
  },
  {
    "br_name": "Raja Bazar",
    "br_address_full": "raja bazar Branch (445800)\nBailey Road, Patna - 800014",
    "br_code": 445800,
    "br_ph": "",
    "br_email": ""
  },
  {
    "br_name": "Rajauli",
    "br_address_full": "RAJAULI BRANCH (091900)\nRAJAULI, dist.- NAWADA - 805125, BIHAR",
    "br_code": "091900",
    "br_ph": "",
    "br_email": ""
  },
  {
    "br_name": "Rajendra Chowk Hajipur",
    "br_address_full": "RAJENDRA CHOWK HAJIPUR BRANCH (403700)\nRAJENDRA CHOWK, HAJIPUR - 844101, BIHAR",
    "br_code": 403700,
    "br_ph": "",
    "br_email": ""
  },
  {
    "br_name": "Rajgir",
    "br_address_full": "RAJGIR (NALANDA) BRANCH (667700)\nDHAMSHALA ROAD, RAJGIR, NALANDA\nPIN - 803116, BIHAR",
    "br_code": 667700,
    "br_ph": "",
    "br_email": ""
  },
  {
    "br_name": "Rajiv Nagar",
    "br_address_full": "Rajiv Nagar Branch (757800)\nRajiv Nagar, Road No. 19\nPatna - 800024, bihar",
    "br_code": 757800,
    "br_ph": "",
    "br_email": ""
  },
  {
    "br_name": "Rajpur",
    "br_address_full": "rajpur branch (648500)\nrohtas - 802219, bihar",
    "br_code": 648500,
    "br_ph": "",
    "br_email": ""
  },
  {
    "br_name": "Ramgarh Cantt",
    "br_address_full": "Ramgarh Cantt.(0944)\nRAmgarh, Jharkhand",
    "br_code": "000944",
    "br_ph": "",
    "br_email": ""
  },
  {
    "br_name": "Ramghat Road Aligarh",
    "br_address_full": "RAMGHAT ROAD ALIGARH BRANCH (6563)\nA.D.A., 1st RAMGHAT ROAD\nALIGARH - 202001, UTTAR PRADESH",
    "br_code": "006563",
    "br_ph": "",
    "br_email": ""
  },
  {
    "br_name": "Rampur(Bhabhua)",
    "br_address_full": "rampur Branch (282800),\nRampur, P.O.- Khajura, P.S.- Belaon\ndistt.-kaimur (bhabhua)-821102, BIHA",
    "br_code": 282800,
    "br_ph": "",
    "br_email": ""
  },
  {
    "br_name": "Rasoolpur Vijay Gopal",
    "br_address_full": "rasoolpur vijay gopal branch (169100)\nmaner, Dist.- Patna, Bihar",
    "br_code": 169100,
    "br_ph": "",
    "br_email": ""
  },
  {
    "br_name": "Ratanuan",
    "br_address_full": "RATANUAN BRANCH (797500)\nBIJAULI, AURANGABAD - 824102, BIHAR",
    "br_code": 797500,
    "br_ph": "",
    "br_email": ""
  },
  {
    "br_name": "Ratwar",
    "br_address_full": "Ratwar Branch (3007)\nBhabhua Road, Dist-Kaimur\nBihar - 821109",
    "br_code": "003007",
    "br_ph": "",
    "br_email": ""
  },
  {
    "br_name": "Rau Pusa",
    "br_address_full": "RAJENDRA AGRICULTURAL UNIVERSITY, PUSA\n (451200) ,SAMASTIPUR - 848101, BIHAR",
    "br_code": 451200,
    "br_ph": "",
    "br_email": ""
  },
  {
    "br_name": "RCC Patna",
    "br_address_full": "REGIONAL COLLECTION CENTRE,\n\"EMARAT SANJEEDA\",BANK ROAD,\nPatna - 800001, Bihar,FAX-2205543",
    "br_code": "",
    "br_ph": "0612-2200856,6453145",
    "br_email": ""
  },
  {
    "br_name": "RD DJ College Munger",
    "br_address_full": "R.D. & D.J. College, munger (616000)\ndist.- munger - 811201, bihar",
    "br_code": 616000,
    "br_ph": "",
    "br_email": ""
  },
  {
    "br_name": "Retail Asset Processing Centre",
    "br_address_full": "RETAIL ASSET Branch (5191)\nBoring road crossing ,\nPatna - 800 001, Bihar",
    "br_code": "005191",
    "br_ph": "0612-2523911",
    "br_email": ""
  },
  {
    "br_name": "Risiap",
    "br_address_full": "risiap branch\nRisiap, Aurangabad - 824102, bihar",
    "br_code": "",
    "br_ph": "",
    "br_email": ""
  },
  {
    "br_name": "RNAR College",
    "br_address_full": "R.N.A.R College Branch (465300)\nP.O. + Dist-Samastipur,\nbihar-848101",
    "br_code": 465300,
    "br_ph": "",
    "br_email": ""
  },
  {
    "br_name": "RSeti Patna",
    "br_address_full": "pus of NAV Gautam Public School Infront of Rupaspur Police CHowki\nBailey Road, NAhar PAr\npatna - 801503, BIHAR",
    "br_code": "",
    "br_ph": "",
    "br_email": ""
  },
  {
    "br_name": "Sabnima",
    "br_address_full": "sabnima branch (316500)\nP.O.- Sabnima, P.S. athmalgola\nDist.- patna - 803212, bihar",
    "br_code": 316500,
    "br_ph": "",
    "br_email": ""
  },
  {
    "br_name": "Sadisopur",
    "br_address_full": "Sadisopur branch (315100)\nsadisopur, bihta\npatna - 800008, bihar",
    "br_code": 315100,
    "br_ph": "",
    "br_email": ""
  },
  {
    "br_name": "Saguna More",
    "br_address_full": "saguna branch (757700)\ndanapur, RAM JAIPAL ROAD\nPatna - 801503, Bihar",
    "br_code": 757700,
    "br_ph": "",
    "br_email": ""
  },
  {
    "br_name": "Sahabajpur",
    "br_address_full": "SAHABAJPUR BRANCH (283000)\np.S.- CHAND,\nDist.- Kaimur (Bhabhua), BIHAR",
    "br_code": 283000,
    "br_ph": "",
    "br_email": ""
  },
  {
    "br_name": "Sahar",
    "br_address_full": "sahar branch (310300)\nTHANA ROad, sahar\nbhojpur - 802208, bihar",
    "br_code": 310300,
    "br_ph": "",
    "br_email": ""
  },
  {
    "br_name": "Saksohra",
    "br_address_full": "SAKSOHRA Branch (316600),\nSAKSOHRA, PATNA - 803213 , BIHAR",
    "br_code": 316600,
    "br_ph": "",
    "br_email": ""
  },
  {
    "br_name": "Sampatchak",
    "br_address_full": "Sampatchak Branch (315800)\nDist.- patna - 800007, bihar",
    "br_code": 315800,
    "br_ph": "",
    "br_email": ""
  },
  {
    "br_name": "Samyagarh",
    "br_address_full": "Samyagarh Branch (316700)\nVill & P.O.- Samyagarh, P.S.- Ghoswari, Mokama, Dist.- Patna-803306, Bihar",
    "br_code": 316700,
    "br_ph": "",
    "br_email": ""
  },
  {
    "br_name": "Sankatra",
    "br_address_full": "sankatra branch (248500)\nshalmari, katihar - 855113, bihar",
    "br_code": 248500,
    "br_ph": "",
    "br_email": ""
  },
  {
    "br_name": "Sarmera",
    "br_address_full": "Sarmera branch (310800)\nSarmera, Nalanda - 811104, Bihar",
    "br_code": 310800,
    "br_ph": "",
    "br_email": ""
  },
  {
    "br_name": "Sarwan Bazar",
    "br_address_full": "SARWAN BAZAR BRANCH (1570)\nP.S. - BARACHATTI, Dist. - GAYA\nPIN - 824201, BIHAR",
    "br_code": "001570",
    "br_ph": "",
    "br_email": ""
  },
  {
    "br_name": "Sasamusa",
    "br_address_full": "Sasamusa Branch (995100)\nN.H. - 28, Near Pawan Cinema\nSasamusa, Gopalganj - 841505, Bihar",
    "br_code": 995100,
    "br_ph": "",
    "br_email": ""
  },
  {
    "br_name": "Sasaram",
    "br_address_full": "Sasaram BRANCH (084600)\nHARI complex, g.t.road, SASARAm rohtas - 821115, bihar",
    "br_code": "084600",
    "br_ph": "",
    "br_email": ""
  },
  {
    "br_name": "Satighat",
    "br_address_full": "SATIGHAT BRANCH (228900)\nP.O. - SATIGHAT,Dist.- DARBHANGA\nPIN - 848213, Bihar",
    "br_code": 228900,
    "br_ph": "",
    "br_email": ""
  },
  {
    "br_name": "Shahpur Sonbarsa Raj-1745",
    "br_address_full": "SHahpur Sonbarsa branch (174500)\nSaharsa - 852129, Bihar",
    "br_code": 174500,
    "br_ph": "",
    "br_email": ""
  },
  {
    "br_name": "Shahpur-0899",
    "br_address_full": "SHahpur Branch (0899)\nShahpur MAin ROad, Dist.- Bhojpur\nBihar, PIN-802165",
    "br_code": "000899",
    "br_ph": "",
    "br_email": ""
  },
  {
    "br_name": "Shahpur-1032",
    "br_address_full": "SHahpur Branch (103200)\nP.O.-Parwati, P.S.- Kashi Chak, \nDist.- NAwada- 805108, Bihar",
    "br_code": 103200,
    "br_ph": "",
    "br_email": ""
  },
  {
    "br_name": "Shahpur-3148",
    "br_address_full": "SHahpur Branch (3148)\nP.O.- Daudpur, Dist.- PAtna, Bihar",
    "br_code": "003148",
    "br_ph": "",
    "br_email": ""
  },
  {
    "br_name": "Sheikhpura",
    "br_address_full": "SHeikhpura Branch (6678)\nVIP ROad, CHandni chowk\nSHeikhpura, Patna - 811105",
    "br_code": "006678",
    "br_ph": "",
    "br_email": ""
  },
  {
    "br_name": "Sheoganj-2290",
    "br_address_full": "SHEOGANJ BRANCH (229000)\nVill.+ Post - tejpurwa, P.S.- marhaura saran - 841419, bihar",
    "br_code": 229000,
    "br_ph": "",
    "br_email": ""
  },
  {
    "br_name": "Sheoganj-3153",
    "br_address_full": "SHEOGANJ BRANCH (315300)\nAt- Sheoganj, P.O.- teldiha, P.S.- Madanpur\naurangabad - 824103, bihar",
    "br_code": 315300,
    "br_ph": "",
    "br_email": ""
  },
  {
    "br_name": "Sheohar",
    "br_address_full": "sheohar branch (499300)\nnear zila gate, sheohar - 843329\nbihar",
    "br_code": 499300,
    "br_ph": "",
    "br_email": ""
  },
  {
    "br_name": "Sijhouri",
    "br_address_full": "sijhouri branch (168800)\nP.O.- sijhouri, P.S.- sikandra\nDist.- jamui - 811315, bihar",
    "br_code": 168800,
    "br_ph": "",
    "br_email": ""
  },
  {
    "br_name": "Sikarhatta",
    "br_address_full": "sikarhata branch (175100)\nP.O.- sikarhata, bhojpur - 802222\nbihar",
    "br_code": 175100,
    "br_ph": "",
    "br_email": ""
  },
  {
    "br_name": "Silao",
    "br_address_full": "SILAO BRANCH (06748)\nGOLA ROAD, SILAO\nDist.- NALANDA-803117\nBihar",
    "br_code": "006748",
    "br_ph": "",
    "br_email": ""
  },
  {
    "br_name": "Simri (Bihta)",
    "br_address_full": "Simri (bihta) Branch (109400)\nDist.- patna - 801103, Bihar",
    "br_code": 109400,
    "br_ph": "",
    "br_email": ""
  },
  {
    "br_name": "Simri Bakhtiarpur",
    "br_address_full": "Simri bakhtiarpur (178000)\n rani bag, simri bakhtiarpur\nSaharsa, Bihar- 8521217",
    "br_code": 178000,
    "br_ph": "",
    "br_email": ""
  },
  {
    "br_name": "Sirari",
    "br_address_full": "SIRARI BRANCH (167600)\na.T.+ P.O.- SIRARI\nDist.- SHEIKHPURA - 811107, BIHAR",
    "br_code": 167600,
    "br_ph": "",
    "br_email": ""
  },
  {
    "br_name": "Sirdala",
    "br_address_full": "Sirdala Branch (316300)\nP.O.+ P.S.- sirdala, nawada, bihar",
    "br_code": 316300,
    "br_ph": "",
    "br_email": ""
  },
  {
    "br_name": "Sirdilpur",
    "br_address_full": "sirdilpur Branch (169000),\np.o.- shahpur patory,\ndistt.-samastipur-848504 , BIHAR",
    "br_code": 169000,
    "br_ph": "06278-234434",
    "br_email": ""
  },
  {
    "br_name": "Siur",
    "br_address_full": "Siur BRanch - (268600)\nAt & P.O.- Siur, P.S.- Roh, \nDistt.- Nawada-805107, Bihar",
    "br_code": 268600,
    "br_ph": "",
    "br_email": ""
  },
  {
    "br_name": "Siwan",
    "br_address_full": "SIWAN MAIN BRANCH (165900)\nLALLAN COMPLEX, BABUNIA MORE\nRAJENDRA PATH, SIWAN - 841226, BIHAR",
    "br_code": 165900,
    "br_ph": "",
    "br_email": ""
  },
  {
    "br_name": "SME Patna",
    "br_address_full": "S.M.E branch (389100),\nj.j.complex , east boring canal road,\nDISTT.-patna-800001, BIHAR",
    "br_code": 389100,
    "br_ph": "253319/20",
    "br_email": ""
  },
  {
    "br_name": "Sonhan",
    "br_address_full": "sonhan branch (315900)\nP.O.+ P.S.- sonhan\nDist.- kaimur - 821101, bihar",
    "br_code": 315900,
    "br_ph": "",
    "br_email": ""
  },
  {
    "br_name": "Sonwan",
    "br_address_full": "Sonwan Branch (157200)\nP.o.-Sonwan, P.S.-Ghosi\nDist-Jehanabad - 804405, Bihar",
    "br_code": 157200,
    "br_ph": "(+91) 9955993997",
    "br_email": ""
  },
  {
    "br_name": "Sripalpur",
    "br_address_full": "Sripalpur Branch (215300)\nBhojpur - 802314, Bihar",
    "br_code": 215300,
    "br_ph": "",
    "br_email": ""
  },
  {
    "br_name": "Sripur",
    "br_address_full": "Sripur Branch (1564)\nP.S. - Ghorasahan\nDist-East Champaran\nBihar - 845303",
    "br_code": "001564",
    "br_ph": "",
    "br_email": ""
  },
  {
    "br_name": "Sukhiyawan",
    "br_address_full": "Sukhiyawan Branch (174000)\nVill.- sukhiyawan\npost- narma, P.S.- Hulasganj\ndist.-Jehanabad - 804407, bihar",
    "br_code": 174000,
    "br_ph": "",
    "br_email": ""
  },
  {
    "br_name": "Sursand",
    "br_address_full": "SURSAND ASLI BRANCH (721400)\nDist.- SITAMARHI, PIN - 843331\nSURSAND ROAD, BIHAR",
    "br_code": 721400,
    "br_ph": "",
    "br_email": ""
  },
  {
    "br_name": "Suryagarha",
    "br_address_full": "suryagarha branch (674500)\nSuryagarha bazar, P.O.- Suryagarha\nDist.- lakhisarai - 811106, bihar",
    "br_code": 674500,
    "br_ph": "",
    "br_email": ""
  },
  {
    "br_name": "Tandwa",
    "br_address_full": "tandwa branch (332000)\nP.O.+ P.S. - tandwa\nDist.- aurangabad - 824302, bihar",
    "br_code": 332000,
    "br_ph": "",
    "br_email": ""
  },
  {
    "br_name": "Tarari",
    "br_address_full": "Tarari Branch (3315)\nDist.-Bhojpur, Bihar- 802209",
    "br_code": "003315",
    "br_ph": "",
    "br_email": ""
  },
  {
    "br_name": "Tekari",
    "br_address_full": "TEKARI BRANCH (385100)\nGAYA - 824236, BIHAR",
    "br_code": 385100,
    "br_ph": "",
    "br_email": ""
  },
  {
    "br_name": "Telhara",
    "br_address_full": "TELHARA Branch (157300) ,\nvILL + p.o.+P.s. - tELHARA\nDISTT.-NALANDA-801306, BIHAR",
    "br_code": 157300,
    "br_ph": "",
    "br_email": ""
  },
  {
    "br_name": "Tetri",
    "br_address_full": "TETRI BRANCH (304300)\nTETRI, dist.- BHAGALPUR - 853204\nBIHAR",
    "br_code": 304300,
    "br_ph": "",
    "br_email": ""
  },
  {
    "br_name": "Teyar",
    "br_address_full": "teyar branch (204900)\nteyar, akbarpur\nnawada - 805110. BIHAR",
    "br_code": 204900,
    "br_ph": "",
    "br_email": ""
  },
  {
    "br_name": "Thalpose",
    "br_address_full": "THALPOSE BRANCH (115000)\nA.T.- THALPOSE, P.O.- BHATTA\nDist.-NAWADA - 805130",
    "br_code": 115000,
    "br_ph": "",
    "br_email": ""
  },
  {
    "br_name": "Tilakpur",
    "br_address_full": "TILAKPUR BRANCH (164800)\nVill.- TILAKPUR, P.O.- BICHHWE\nDist.- LAKHISARAI - 811310, BIHAR",
    "br_code": 164800,
    "br_ph": "",
    "br_email": ""
  },
  {
    "br_name": "Tilothu",
    "br_address_full": "Tilouthu Branch (723800)\nDist-Rohtas, Bihar-821312",
    "br_code": 723800,
    "br_ph": "",
    "br_email": ""
  },
  {
    "br_name": "Transport Nagar",
    "br_address_full": "TRANPORT NAGAR BRANCH(405700)\nM.G.SETU PATH, pAHARI ,\n DISTT.- PATNA- 800007, bIHAR",
    "br_code": 405700,
    "br_ph": "0612-2365969",
    "br_email": ""
  },
  {
    "br_name": "Triveniganj",
    "br_address_full": "Triveniganj Branch (229800)\nDist-Supaul, Bihar",
    "br_code": 229800,
    "br_ph": "",
    "br_email": ""
  },
  {
    "br_name": "Tulsigarh",
    "br_address_full": "TULSIGARH BRANCH (208500)\nTULSIGARH, NALANDA - 803108, BIHAR",
    "br_code": 208500,
    "br_ph": "",
    "br_email": ""
  },
  {
    "br_name": "Uma Pandey College",
    "br_address_full": "Uma Pandey College BRANCH (474600)\nPusa, Samastipur - 848125, Bihar",
    "br_code": 474600,
    "br_ph": 9955994141,
    "br_email": ""
  },
  {
    "br_name": "Umgaon",
    "br_address_full": "TETRI BRANCH (304300)\nTETRI, dist.- BHAGALPUR - 853204\nBIHAR",
    "br_code": 304300,
    "br_ph": "",
    "br_email": ""
  },
  {
    "br_name": "Umta",
    "br_address_full": "Umta Branch (238900)\nUmta, jehanabad - 804403, bihar",
    "br_code": 238900,
    "br_ph": "",
    "br_email": ""
  },
  {
    "br_name": "Usraon",
    "br_address_full": "usraon branch (239700)\nvill.+p.o.- kochas\ndist.- rohtas - 821112, bihar",
    "br_code": 239700,
    "br_ph": "",
    "br_email": ""
  },
  {
    "br_name": "Uttarsarthu",
    "br_address_full": "uttarsarthu (jEhanabad) Branch (768900)\nAt& P.O.-Uttarsarthu, \ndistt.-jEhanabad,BIHARPIN- 804418",
    "br_code": 768900,
    "br_ph": "",
    "br_email": ""
  },
  {
    "br_name": "Vindhyachal",
    "br_address_full": "Vindhyachal Branch (759300)\nPost-Vindhyachal, Mirzapur\nUttar Pradesh - 231307",
    "br_code": 759300,
    "br_ph": "",
    "br_email": ""
  },
  {
    "br_name": "Warisnagar",
    "br_address_full": "WARISNAGAR BRANCH (350400)\nMATHURAPUR, SAMASTIPUR - 848101, BIHAR",
    "br_code": 350400,
    "br_ph": "",
    "br_email": ""
  },
  {
    "br_name": "Warsaliganj",
    "br_address_full": "WARISALIGANJ BRANCH (674900)\nWARISALIGANJ, NAWADA - 805130, BIHAR",
    "br_code": 674900,
    "br_ph": "",
    "br_email": ""
  },
  {
    "br_name": "ZAO",
    "br_address_full": "ZONAL AUDIT OFFICE (4467)\nCHANAKYA TOWER, R. BLOCK\nDISTricT-pATNA - 800001\nFAX : 0612-250677",
    "br_code": "004467",
    "br_ph": "0612-2222983, 2223438, 2223431",
    "br_email": ""
  },
  {
    "br_name": "Zila Parishad Bhawan",
    "br_address_full": "ZILA PARISHAD BHAWAN BRANCH (616900)\nZILA PARISHAD BHAWAN\nSTATION ROAD, MUZAFFARPUR, BIHAR",
    "br_code": 616900,
    "br_ph": "",
    "br_email": ""
  },
  {
    "br_name": "ZO-FGMO",
    "br_address_full": "CIRCLE OFFICE \nIIND FLOOR,CHANAKYA TOWER\nR-BLOCK,Patna - 800 001, Bihar,FAX-0612-223515",
    "br_code": "",
    "br_ph": "0612-2202709",
    "br_email": ""
  },
  {
    "br_name": "ZTC",
    "br_address_full": "ZONAL TRAiNING CENTRE\nHANDLOOM BHAWAN, RAJENDRA NAGAR\nPATNA-800016,DISTT.-Patna , Bihar,FAX: 2672717",
    "br_code": "",
    "br_ph": "0612-2686917",
    "br_email": ""
  }
]